Method,Execution Time (Seconds)
See-Saw,1225.5640089511871
Standard,160.0938949584961
